{
  "contatos": [
    {
      "id": 1,
      "nome": "Neymar Junior Rodrigues",
      "telefone": "3195509132",
      "email": "neymarjunior22@gmail.com",
      "empresa": "Empresa Neynmar"
    },
    {
      "id": 2,
      "nome": "Ronaldinho Gaucho",
      "telefone": "3195509132",
      "email": "ronaldin@hotmail.com",
      "empresa": "Empresa Gaucho"
    },
    {
      "id": 3,
      "nome": "Guilherme Arana",
      "telefone": "3195509132",
      "email": "guiarana@live.com",
      "empresa": "Empresa Arana"
    },
    {
      "id": 4,
      "nome": "Tafarel Lima",
      "telefone": "3195509132",
      "email": "tafarel@live.com",
      "empresa": "Empresa Tafarel"
    }
  ]
}